,bathrooms,bedrooms,city,country,currency,daysOnZillow,homeStatus,homeStatusForHDP,homeType,imgSrc,isFeatured,isNonOwnerOccupied,isPreforeclosureAuction,isPremierBuilder,isShowcaseListing,isUnmappable,isZillowOwned,latitude,livingArea,longitude,lotAreaUnit,lotAreaValue,openHouse,price,priceForHDP,rentZestimate,shouldHighlight,state,streetAddress,taxAssessedValue,timeOnZillow,unit,zestimate,zipcode,zpid,listing_sub_type.is_FSBA,listing_sub_type.is_openHouse,open_house_info.open_house_showing,datePriceChanged,priceChange,priceReduction,newConstructionType,listing_sub_type.is_newHome
0,2.0,2.0,Santa Monica,USA,USD,-1,FOR_SALE,FOR_SALE,CONDO,https://photos.zillowstatic.com/fp/9ac0d58bd947990e98a7c6feddc32060-p_e.jpg,False,True,False,False,False,False,False,34.025856,1004.0,-118.501976,sqft,7483.608,Sat. 2-4pm,1165000.0,1165000.0,4490.0,False,CA,817 6th St APT A,964245.0,115211000,Apt A,1157100.0,90403,20484992,True,True,"[{'open_house_end': 1760223600000, 'open_house_start': 1760216400000}, {'open_house_end': 1760313600000, 'open_house_start': 1760302800000}]",,,,,
1,4.0,3.0,Santa Monica,USA,USD,-1,FOR_SALE,FOR_SALE,MULTI_FAMILY,https://photos.zillowstatic.com/fp/c6843720f4bebc52801ff6fdece15ed9-p_e.jpg,False,True,False,False,False,False,False,34.034615,1469.0,-118.48012,sqft,6211.656,,1199000.0,1199000.0,,False,CA,1147 24th St #A-B,,6332639000,# A-B,1234900.0,90403,455351929,True,,,1759215600000.0,-150000.0,"$150,000 (Sep 30)",,
2,3.0,2.0,Santa Monica,USA,USD,-1,FOR_SALE,FOR_SALE,CONDO,https://photos.zillowstatic.com/fp/cfc9a51e88f475eb8339bcdcb49dab43-p_e.jpg,False,True,False,False,False,False,False,34.017593,1418.0,-118.48273,sqft,7514.0,,990000.0,990000.0,4918.0,False,CA,1754 11th St UNIT 101,391903.0,284210000,Unit 101,1005000.0,90404,20479916,True,,,,,,,
3,15.0,11.0,Santa Monica,USA,USD,-1,FOR_SALE,FOR_SALE,SINGLE_FAMILY,https://photos.zillowstatic.com/fp/fa16ff881b0352aa744bad0da9c936fb-p_e.jpg,False,True,False,False,False,False,False,34.0192,9899.0,-118.505844,sqft,5505.984,,38500000.0,38500000.0,,False,CA,938-940 Palisades Beach Rd,,1001423000,,,90403,456957893,True,,,,,,,
4,1.0,1.0,Santa Monica,USA,USD,-1,FOR_SALE,FOR_SALE,SINGLE_FAMILY,https://photos.zillowstatic.com/fp/0ab3516293ce9fa2c72e5acecfb6a505-p_e.jpg,False,True,False,False,False,False,False,34.02828,440.0,-118.49284,sqft,1319.868,,999000.0,999000.0,,False,CA,1012 1/2 Euclid St,913190.0,17922338000,,,90403,20478685,True,,,1755327600000.0,-101000.0,"$101,000 (Aug 16)",,
5,1.0,1.0,Santa Monica,USA,USD,-1,FOR_SALE,FOR_SALE,CONDO,https://photos.zillowstatic.com/fp/379ba2c7ab01cefcfd37b14e2bc5cde8-p_e.jpg,False,True,False,False,False,False,False,34.020752,1043.0,-118.50077,acres,0.6892791551882461,,599100.0,599100.0,4503.0,False,CA,1040 4th St #112,634173.0,131439410000,# 112,,90403,20485330,True,,,1756364400000.0,-40800.0,"$40,800 (Aug 28)",,
6,6.0,4.0,Santa Monica,USA,USD,-1,FOR_SALE,FOR_SALE,SINGLE_FAMILY,https://photos.zillowstatic.com/fp/3cbebb772f87fa1e60b32a4072e6f2e4-p_e.jpg,False,True,False,False,False,False,False,34.01903,5030.0,-118.50577,sqft,5536.476,,19500000.0,19500000.0,5702.0,False,CA,940 Palisades Beach Rd,3959878.0,1001423000,,18681200.0,90403,20485846,True,,,,,,,
7,2.0,2.0,Santa Monica,USA,USD,-1,FOR_SALE,FOR_SALE,CONDO,https://photos.zillowstatic.com/fp/ca026d0c07e1a36cfd5bf28f6dc994ba-p_e.jpg,False,True,False,False,False,False,False,34.02569,918.0,-118.501,sqft,7483.608,,899000.0,899000.0,4221.0,False,CA,844 7th St APT 1,393971.0,9899414000,Apt 1,903700.0,90403,20484960,True,,,1756882800000.0,-30000.0,"$30,000 (Sep 3)",,
8,1.0,1.0,Santa Monica,USA,USD,-1,FOR_SALE,FOR_SALE,CONDO,https://photos.zillowstatic.com/fp/08b9533ab23c1b4c70048324e8396623-p_e.jpg,False,True,False,False,False,False,False,34.02662,722.0,-118.47892,acres,0.3446,,499000.0,499000.0,2931.0,False,CA,1912 Broadway APT 107,396594.0,12120882000,Apt 107,,90404,92426247,True,,,1750316400000.0,-51000.0,,,
9,2.0,2.0,Santa Monica,USA,USD,-1,FOR_SALE,FOR_SALE,CONDO,https://photos.zillowstatic.com/fp/3b06e5e0488deefa29c54c646138d377-p_e.jpg,False,True,False,False,False,False,False,34.02153,1355.0,-118.5035,acres,0.3446,,1149000.0,1149000.0,5402.0,False,CA,930 3rd St APT 307,1250469.0,6080657000,Apt 307,1150800.0,90403,20485470,True,,,,,,,
10,6.0,6.0,Santa Monica,USA,USD,-1,FOR_SALE,FOR_SALE,SINGLE_FAMILY,https://photos.zillowstatic.com/fp/8221c459d7209f84c2873d0bc6c1210a-p_e.jpg,False,True,False,False,False,False,False,34.03766,5900.0,-118.50507,acres,0.2881,,8995000.0,8995000.0,28257.0,False,CA,1202 San Vicente Blvd,4584595.0,13354751000,,,90402,20477450,True,,,1750230000000.0,-454000.0,,,
11,3.0,2.0,Santa Monica,USA,USD,-1,FOR_SALE,FOR_SALE,CONDO,https://photos.zillowstatic.com/fp/6568e5c8d02ed024670101238ed99590-p_e.jpg,False,True,False,False,False,False,False,34.024708,1865.0,-118.51018,acres,1.5479,,2649000.0,2649000.0,,False,CA,515 Ocean Ave UNIT 502N,,2445326000,Unit 502N,,90402,456559605,True,,,,,,,
12,4.0,6.0,Santa Monica,USA,USD,-1,FOR_SALE,FOR_SALE,SINGLE_FAMILY,https://photos.zillowstatic.com/fp/990c03a3a764ff219370730760d0802b-p_e.jpg,False,True,False,False,False,False,False,34.03985,3103.0,-118.50098,sqft,7527.168,,3995000.0,3995000.0,,False,CA,212 16th St,286706.0,4529628000,,,90402,20477160,True,,,1758870000000.0,45000.0,,,
13,2.0,2.0,Santa Monica,USA,USD,-1,FOR_SALE,FOR_SALE,SINGLE_FAMILY,https://photos.zillowstatic.com/fp/77e1c5f102c9809df8452a3552bb6117-p_e.jpg,False,True,False,False,False,False,False,34.025658,2000.0,-118.50825,sqft,10624.284,,5395000.0,5395000.0,4919.0,False,CA,227 Alta Ave,3163774.0,2718797000,,5296100.0,90402,20486265,True,,,1757055600000.0,-100000.0,"$100,000 (Sep 5)",,
14,3.0,3.0,Santa Monica,USA,USD,-1,FOR_SALE,FOR_SALE,TOWNHOUSE,https://photos.zillowstatic.com/fp/521d94e157f6515eafa98cde3d7329a4-p_e.jpg,False,True,False,False,False,False,False,34.033016,1803.0,-118.47912,sqft,5318.676,,1360000.0,1360000.0,6633.0,False,CA,1240 24th St UNIT 3,1456414.0,6951843000,Unit 3,1354400.0,90404,20474535,True,,,1756364400000.0,-30000.0,"$30,000 (Aug 28)",,
15,3.0,6.0,Santa Monica,USA,USD,-1,FOR_SALE,FOR_SALE,SINGLE_FAMILY,https://photos.zillowstatic.com/fp/7dedc9fefc17595800163e0a1cafdafb-p_e.jpg,False,True,False,False,False,False,False,34.016705,2751.0,-118.47945,sqft,7497.0,,1950000.0,1950000.0,5535.0,False,CA,1836 Euclid St,1250567.0,716210000,,1930900.0,90404,20480089,True,,,,,,,
16,4.0,3.0,Santa Monica,USA,USD,-1,FOR_SALE,FOR_SALE,TOWNHOUSE,https://photos.zillowstatic.com/fp/5e1918eb31e27195c58ccfd65c4db5b5-p_e.jpg,False,True,False,False,False,False,False,34.030945,1850.0,-118.4895,sqft,7505.388,,1795000.0,1795000.0,7588.0,False,CA,1013 16th St UNIT 101,1210486.0,6503423000,Unit 101,1780000.0,90403,20478100,True,,,,,,,
17,3.0,3.0,Santa Monica,USA,USD,-1,FOR_SALE,FOR_SALE,TOWNHOUSE,https://photos.zillowstatic.com/fp/511e1956dde315869615a5a7301828db-p_e.jpg,False,True,False,False,False,False,False,34.033455,2142.0,-118.49165,sqft,7505.388,,2595000.0,2595000.0,8328.0,False,CA,838 17th St APT 105,2236860.0,975846000,Apt 105,2549100.0,90403,51582400,True,,,1759474800000.0,-100000.0,"$100,000 (Oct 3)",,
18,4.0,5.0,Santa Monica,USA,USD,-1,FOR_SALE,FOR_SALE,SINGLE_FAMILY,https://photos.zillowstatic.com/fp/7350ec6dd16ce7ccea394a0c38ff3ec0-p_e.jpg,False,True,False,False,False,False,False,34.039165,3250.0,-118.50202,sqft,7496.676,,5195000.0,5195000.0,17855.0,False,CA,210 15th St,3865800.0,970158000,,5193300.0,90402,20477206,True,,,,,,,
19,4.0,3.0,Santa Monica,USA,USD,-1,FOR_SALE,FOR_SALE,CONDO,https://photos.zillowstatic.com/fp/1b7dd78269c362b18695c71a49b83701-p_e.jpg,False,True,False,False,False,False,False,34.027794,2580.0,-118.49793,sqft,7527.168,,2395000.0,2395000.0,7674.0,False,CA,852 10th St APT 1,2043593.0,307458000,Apt 1,2377600.0,90403,102961436,True,,,,,,,
20,3.0,3.0,Santa Monica,USA,USD,-1,FOR_SALE,FOR_SALE,TOWNHOUSE,https://photos.zillowstatic.com/fp/3f69cc5669d280665b44daac091b0ff4-p_e.jpg,False,True,False,False,False,False,False,34.032608,1588.0,-118.48961,acres,0.34450000000000003,,1625000.0,1625000.0,6779.0,False,CA,933 17th St UNIT 14,1485834.0,5299736000,Unit 14,1607500.0,90403,20475069,True,,,,,,,
21,8.0,6.0,Santa Monica,USA,USD,-1,FOR_SALE,FOR_SALE,SINGLE_FAMILY,https://photos.zillowstatic.com/fp/f063974b84bbecb5541a4f073f0a6a9b-p_e.jpg,False,True,False,False,False,False,False,34.028465,7710.0,-118.50596,acres,0.25358126721763086,,17818000.0,17818000.0,6712.0,False,CA,528 Marguerita Ave,5618160.0,1321010000,,17165100.0,90402,20486488,,,,,,,BUILDER_SPEC,True
22,6.0,5.0,Santa Monica,USA,USD,-1,FOR_SALE,FOR_SALE,SINGLE_FAMILY,https://photos.zillowstatic.com/fp/c914d925d44dd0e3630d4f9ed9719743-p_e.jpg,False,True,False,False,False,False,False,34.040005,4374.0,-118.48921,sqft,7562.016,,6949000.0,6949000.0,22694.0,False,CA,624 22nd St,4852502.0,655165000,,,90402,20476240,True,,,,,,,
23,4.0,3.0,Santa Monica,USA,USD,-1,FOR_SALE,FOR_SALE,SINGLE_FAMILY,https://photos.zillowstatic.com/fp/297c6fe4158d91adab3e8fa438c2bec9-p_e.jpg,False,True,False,False,False,False,False,34.0276,4695.0,-118.50919,sqft,9801.0,,7475000.0,7475000.0,7847.0,False,CA,416 4th St,3684844.0,7643044000,,7482300.0,90402,20486251,True,,,1758524400000.0,-224000.0,"$224,000 (Sep 22)",,
24,2.0,2.0,Santa Monica,USA,USD,-1,FOR_SALE,FOR_SALE,CONDO,https://photos.zillowstatic.com/fp/26787ea10e376ad86509d6999a1478cb-p_e.jpg,False,True,False,False,False,False,False,34.033756,935.0,-118.488304,sqft,7984.548,,799000.0,799000.0,4278.0,False,CA,934 19th St UNIT 5,382400.0,1245610000,Unit 5,800300.0,90403,20475159,True,,,,,,,
25,2.0,2.0,Santa Monica,USA,USD,-1,FOR_SALE,FOR_SALE,CONDO,https://photos.zillowstatic.com/fp/85b39c939bd56a98535421c5cce194c6-p_e.jpg,False,True,False,False,False,False,False,34.02964,1213.0,-118.49457,acres,0.5171,,1425000.0,1425000.0,5194.0,False,CA,900 Euclid St APT 404,1259184.0,285514000,Apt 404,1411600.0,90403,20478617,True,,,,,,,
26,7.0,6.0,Santa Monica,USA,USD,-1,FOR_SALE,FOR_SALE,SINGLE_FAMILY,https://photos.zillowstatic.com/fp/f962f4612e338707fa65b3e24268de82-p_e.jpg,False,True,False,False,False,False,False,34.034992,5018.0,-118.49976,sqft,7501.032,,7995000.0,7995000.0,,False,CA,443 Euclid St,3431044.0,10714229000,,,90402,20477746,,,,,,,BUILDER_SPEC,True
27,3.0,2.0,Santa Monica,USA,USD,-1,FOR_SALE,FOR_SALE,TOWNHOUSE,https://photos.zillowstatic.com/fp/2bb2e280c1f34f50db3aa3999fed4b9d-p_e.jpg,False,True,False,False,False,False,False,34.031902,1356.0,-118.47384,sqft,7008.804,,1225000.0,1225000.0,5093.0,False,CA,1443 25th St APT 2,873000.0,384908000,Apt 2,1205500.0,90404,20473885,True,,,,,,,
28,2.0,2.0,Santa Monica,USA,USD,-1,FOR_SALE,FOR_SALE,CONDO,https://photos.zillowstatic.com/fp/adf94cc6b6dcbd2d8b8c9ce00f9a8e3a-p_e.jpg,False,True,False,False,False,False,False,34.01113,842.0,-118.4833,acres,0.46759999999999996,,949000.0,949000.0,3884.0,False,CA,643 Bay St,880801.0,1773329000,,956900.0,90405,20484049,True,,,,,,,
29,3.0,3.0,Santa Monica,USA,USD,-1,FOR_SALE,FOR_SALE,TOWNHOUSE,https://photos.zillowstatic.com/fp/5ddc945798f128072debd34fc913c26e-p_e.jpg,False,True,False,False,False,False,False,34.033894,1228.0,-118.47613,acres,1.7036,,1089000.0,1089000.0,5216.0,False,CA,2508 Arizona Ave APT 3,376687.0,1245015000,Apt 3,1079700.0,90404,20474614,True,,,,,,,
30,38.0,38.0,Santa Monica,USA,USD,-1,FOR_SALE,FOR_SALE,MULTI_FAMILY,https://photos.zillowstatic.com/fp/f84ebebd6a1780799e12591ef535466f-p_e.jpg,False,True,False,False,False,False,False,34.02093,30954.0,-118.50543,acres,0.34460514233241507,,30622000.0,30622000.0,3027.0,False,CA,901 Ocean Ave,,7973810000,,,90403,2068792684,True,,,1756796400000.0,-2000000.0,"$2,000,000 (Sep 2)",,
31,4.0,3.0,Santa Monica,USA,USD,-1,FOR_SALE,FOR_SALE,TOWNHOUSE,https://photos.zillowstatic.com/fp/799da9e2c3ff8411dac74555bb0615f0-p_e.jpg,False,True,False,False,False,False,False,34.031742,2085.0,-118.494125,acres,0.3446,,2699000.0,2699000.0,8255.0,False,CA,831 14th St APT 2,2028780.0,2788432000,Apt 2,2650700.0,90403,20478314,True,,,,,,,
32,8.0,7.0,Santa Monica,USA,USD,-1,FOR_SALE,FOR_SALE,SINGLE_FAMILY,https://photos.zillowstatic.com/fp/bf15b12e5f0d5da1ed06d7da7fcdfe46-p_e.jpg,False,True,False,False,False,False,False,34.041023,8400.0,-118.49285,sqft,8938.512,,19995000.0,19995000.0,17770.0,False,CA,439 21st St,4284000.0,11870599000,,19287800.0,90402,20476410,True,,,,,,,
33,2.0,3.0,Santa Monica,USA,USD,-1,FOR_SALE,FOR_SALE,SINGLE_FAMILY,https://photos.zillowstatic.com/fp/dd91f2355f4064ce8464d0eab79461e2-p_e.jpg,False,True,False,False,False,False,False,34.03284,1920.0,-118.49551,sqft,7527.168,Tue. 11am-2pm,3999000.0,3999000.0,5446.0,False,CA,723 14th St,1456021.0,2809863000,,2932100.0,90402,20477297,True,True,"[{'open_house_end': 1759870800000, 'open_house_start': 1759860000000}, {'open_house_end': 1760313600000, 'open_house_start': 1760302800000}]",,,,,
34,2.0,2.0,Santa Monica,USA,USD,-1,FOR_SALE,FOR_SALE,SINGLE_FAMILY,https://photos.zillowstatic.com/fp/2a09adcdd68b48879861bf8c263f5b20-p_e.jpg,False,True,False,False,False,False,False,34.03607,1019.0,-118.48751,sqft,2988.216,10/16 10am-12pm,2149999.0,2149999.0,6534.0,False,CA,2021 Idaho Ave,1893527.0,2982424000,,2130400.0,90403,20474861,True,True,"[{'open_house_end': 1760641200000, 'open_house_start': 1760634000000}]",1759129200000.0,-50000.0,"$50,000 (Sep 29)",,
35,3.0,2.0,Santa Monica,USA,USD,-1,FOR_SALE,FOR_SALE,TOWNHOUSE,https://photos.zillowstatic.com/fp/a32dadfc7b19df28b1c2b23cf4c7a23d-p_e.jpg,False,True,False,False,False,False,False,34.02341,1601.0,-118.50571,sqft,7487.964,,1585000.0,1585000.0,7589.0,False,CA,802 3rd St APT B,476496.0,984628000,Apt B,1582000.0,90403,20485537,True,,,,,,,
36,2.0,2.0,Santa Monica,USA,USD,-1,FOR_SALE,FOR_SALE,SINGLE_FAMILY,https://photos.zillowstatic.com/fp/9c6fbb26017d30d4c9464ca66fe1c12f-p_e.jpg,False,True,False,False,False,False,False,34.034058,1240.0,-118.48344,sqft,6351.048,,2650000.0,2650000.0,7391.0,False,CA,1060 22nd St,756793.0,6359397000,,2623200.0,90403,20475571,True,,,1757401200000.0,-40000.0,"$40,000 (Sep 9)",,
37,1.0,2.0,Santa Monica,USA,USD,-1,FOR_SALE,FOR_SALE,CONDO,https://photos.zillowstatic.com/fp/96c92b05844a2faecb70765946f55d28-p_e.jpg,False,True,False,False,False,False,False,34.01245,785.0,-118.48446,sqft,7501.032,,795000.0,795000.0,3410.0,False,CA,1835 7th St APT D,842723.0,1075774000,Apt D,791300.0,90401,20484693,True,,,,,,,
38,5.0,4.0,Santa Monica,USA,USD,-1,FOR_SALE,FOR_SALE,SINGLE_FAMILY,https://photos.zillowstatic.com/fp/bc7b9cf2f39ee122c91d24b99f95538b-p_e.jpg,False,True,False,False,False,False,False,34.033585,5228.0,-118.50931,acres,0.3438,,6750000.0,6750000.0,6125.0,False,CA,562 Stassi Ln,4987677.0,18268525000,,6939000.0,90402,20539643,True,,,1752908400000.0,-449000.0,"$449,000 (Jul 19)",,
39,3.0,3.0,Santa Monica,USA,USD,-1,FOR_SALE,FOR_SALE,TOWNHOUSE,https://photos.zillowstatic.com/fp/0e18d02c859abd1efb70a92a16cdada3-p_e.jpg,False,True,False,False,False,False,False,34.02262,1963.0,-118.50478,sqft,7501.032,,2699000.0,2699000.0,7539.0,False,CA,844 3rd St #5,2192756.0,3120865000,# 5,2649300.0,90403,55198014,True,,,1759474800000.0,-151000.0,"$151,000 (Oct 3)",,
40,3.0,3.0,Santa Monica,USA,USD,-1,FOR_SALE,FOR_SALE,CONDO,https://photos.zillowstatic.com/fp/69c1e7b08aaee035f696eb112dfdb1f6-p_e.jpg,False,True,False,False,False,False,False,34.01978,1850.0,-118.50334,sqft,7514.1,,2694000.0,2694000.0,7813.0,False,CA,1012 2nd St APT 1,,2789005000,Apt 1,2678600.0,90403,2098895547,True,,,,,,,
